innings,team,over,ball,batter,bowler,non_striker,batter_runs,extra_runs,total_runs,is_boundary,non_boundary_run,extra_type,wides,noballs,byes,legbyes,penalty,is_wicket,wicket_kind,player_out,fielder,phase
1,Gujarat Titans,1,1,B Sai Sudharsan,Mukesh Choudhary,Shubman Gill,1,0,1,False,False,,0,0,0,0,0,False,,,,powerplay
1,Gujarat Titans,1,2,Shubman Gill,Mukesh Choudhary,B Sai Sudharsan,0,0,0,False,False,,0,0,0,0,0,False,,,,powerplay
1,Gujarat Titans,1,3,Shubman Gill,Mukesh Choudhary,B Sai Sudharsan,0,0,0,False,False,,0,0,0,0,0,False,,,,powerplay
1,Gujarat Titans,1,4,Shubman Gill,Mukesh Choudhary,B Sai Sudharsan,4,0,4,True,False,,0,0,0,0,0,False,,,,powerplay
1,Gujarat Titans,1,5,Shubman Gill,Mukesh Choudhary,B Sai Sudharsan,0,0,0,False,False,,0,0,0,0,0,False,,,,powerplay
1,Gujarat Titans,1,6,Shubman Gill,Mukesh Choudhary,B Sai Sudharsan,3,0,3,False,False,,0,0,0,0,0,False,,,,powerplay
1,Gujarat Titans,2,1,Shubman Gill,SH Johnson,B Sai Sudharsan,4,0,4,True,False,,0,0,0,0,0,False,,,,powerplay
1,Gujarat Titans,2,2,Shubman Gill,SH Johnson,B Sai Sudharsan,1,0,1,False,False,,0,0,0,0,0,False,,,,powerplay
1,Gujarat Titans,2,3.wides,B Sai Sudharsan,SH Johnson,Shubman Gill,0,5,5,False,False,wides,5,0,0,0,0,False,,,,powerplay
1,Gujarat Titans,2,3,B Sai Sudharsan,SH Johnson,Shubman Gill,1,0,1,False,False,,0,0,0,0,0,False,,,,powerplay
1,Gujarat Titans,2,4,Shubman Gill,SH Johnson,B Sai Sudharsan,4,0,4,True,False,,0,0,0,0,0,False,,,,powerplay
1,Gujarat Titans,2,5,Shubman Gill,SH Johnson,B Sai Sudharsan,0,0,0,False,False,,0,0,0,0,0,False,,,,powerplay
1,Gujarat Titans,2,6,Shubman Gill,SH Johnson,B Sai Sudharsan,0,0,0,False,False,,0,0,0,0,0,False,,,,powerplay
1,Gujarat Titans,3,1,B Sai Sudharsan,Mukesh Choudhary,Shubman Gill,1,0,1,False,False,,0,0,0,0,0,False,,,,powerplay
1,Gujarat Titans,3,2,Shubman Gill,Mukesh Choudhary,B Sai Sudharsan,1,0,1,False,False,,0,0,0,0,0,False,,,,powerplay
1,Gujarat Titans,3,3,B Sai Sudharsan,Mukesh Choudhary,Shubman Gill,4,0,4,True,False,,0,0,0,0,0,False,,,,powerplay
1,Gujarat Titans,3,4,B Sai Sudharsan,Mukesh Choudhary,Shubman Gill,0,0,0,False,False,,0,0,0,0,0,False,,,,powerplay
1,Gujarat Titans,3,5,B Sai Sudharsan,Mukesh Choudhary,Shubman Gill,0,0,0,False,False,,0,0,0,0,0,False,,,,powerplay
1,Gujarat Titans,3,6,B Sai Sudharsan,Mukesh Choudhary,Shubman Gill,1,0,1,False,False,,0,0,0,0,0,False,,,,powerplay
1,Gujarat Titans,4,1,B Sai Sudharsan,SH Johnson,Shubman Gill,4,0,4,True,False,,0,0,0,0,0,False,,,,powerplay
1,Gujarat Titans,4,2,B Sai Sudharsan,SH Johnson,Shubman Gill,1,0,1,False,False,,0,0,0,0,0,False,,,,powerplay
1,Gujarat Titans,4,3,Shubman Gill,SH Johnson,B Sai Sudharsan,1,0,1,False,False,,0,0,0,0,0,False,,,,powerplay
1,Gujarat Titans,4,4,B Sai Sudharsan,SH Johnson,Shubman Gill,1,0,1,False,False,,0,0,0,0,0,False,,,,powerplay
1,Gujarat Titans,4,5,Shubman Gill,SH Johnson,B Sai Sudharsan,4,0,4,True,False,,0,0,0,0,0,False,,,,powerplay
1,Gujarat Titans,4,6,Shubman Gill,SH Johnson,B Sai Sudharsan,4,0,4,True,False,,0,0,0,0,0,False,,,,powerplay
1,Gujarat Titans,5,1,B Sai Sudharsan,Gurjapneet Singh,Shubman Gill,0,0,0,False,False,,0,0,0,0,0,False,,,,powerplay
1,Gujarat Titans,5,2,B Sai Sudharsan,Gurjapneet Singh,Shubman Gill,0,0,0,False,False,,0,0,0,0,0,False,,,,powerplay
1,Gujarat Titans,5,3,B Sai Sudharsan,Gurjapneet Singh,Shubman Gill,0,0,0,False,False,,0,0,0,0,0,False,,,,powerplay
1,Gujarat Titans,5,4,B Sai Sudharsan,Gurjapneet Singh,Shubman Gill,1,0,1,False,False,,0,0,0,0,0,False,,,,powerplay
1,Gujarat Titans,5,5,Shubman Gill,Gurjapneet Singh,B Sai Sudharsan,1,0,1,False,False,,0,0,0,0,0,False,,,,powerplay
1,Gujarat Titans,5,6,B Sai Sudharsan,Gurjapneet Singh,Shubman Gill,1,0,1,False,False,,0,0,0,0,0,False,,,,powerplay
1,Gujarat Titans,6,1,B Sai Sudharsan,A Kamboj,Shubman Gill,4,0,4,True,False,,0,0,0,0,0,False,,,,powerplay
1,Gujarat Titans,6,2,B Sai Sudharsan,A Kamboj,Shubman Gill,1,0,1,False,False,,0,0,0,0,0,False,,,,powerplay
1,Gujarat Titans,6,3,Shubman Gill,A Kamboj,B Sai Sudharsan,6,0,6,True,False,,0,0,0,0,0,False,,,,powerplay
1,Gujarat Titans,6,4,Shubman Gill,A Kamboj,B Sai Sudharsan,1,0,1,False,False,,0,0,0,0,0,False,,,,powerplay
1,Gujarat Titans,6,5,B Sai Sudharsan,A Kamboj,Shubman Gill,0,1,1,False,False,legbyes,0,0,0,1,0,False,,,,powerplay
1,Gujarat Titans,6,6,Shubman Gill,A Kamboj,B Sai Sudharsan,1,0,1,False,False,,0,0,0,0,0,False,,,,powerplay
1,Gujarat Titans,7,1,Shubman Gill,Noor Ahmad,B Sai Sudharsan,6,0,6,True,False,,0,0,0,0,0,False,,,,middle
1,Gujarat Titans,7,2,Shubman Gill,Noor Ahmad,B Sai Sudharsan,2,0,2,False,False,,0,0,0,0,0,False,,,,middle
1,Gujarat Titans,7,3,Shubman Gill,Noor Ahmad,B Sai Sudharsan,1,0,1,False,False,,0,0,0,0,0,False,,,,middle
1,Gujarat Titans,7,4,B Sai Sudharsan,Noor Ahmad,Shubman Gill,1,0,1,False,False,,0,0,0,0,0,False,,,,middle
1,Gujarat Titans,7,5,Shubman Gill,Noor Ahmad,B Sai Sudharsan,0,0,0,False,False,,0,0,0,0,0,False,,,,middle
1,Gujarat Titans,7,6,Shubman Gill,Noor Ahmad,B Sai Sudharsan,6,0,6,True,False,,0,0,0,0,0,False,,,,middle
1,Gujarat Titans,8,1,B Sai Sudharsan,Gurjapneet Singh,Shubman Gill,1,0,1,False,False,,0,0,0,0,0,False,,,,middle
1,Gujarat Titans,8,2,Shubman Gill,Gurjapneet Singh,B Sai Sudharsan,0,0,0,False,False,,0,0,0,0,0,False,,,,middle
1,Gujarat Titans,8,3,Shubman Gill,Gurjapneet Singh,B Sai Sudharsan,1,0,1,False,False,,0,0,0,0,0,False,,,,middle
1,Gujarat Titans,8,4,B Sai Sudharsan,Gurjapneet Singh,Shubman Gill,0,0,0,False,False,,0,0,0,0,0,False,,,,middle
1,Gujarat Titans,8,5,B Sai Sudharsan,Gurjapneet Singh,Shubman Gill,1,0,1,False,False,,0,0,0,0,0,False,,,,middle
1,Gujarat Titans,8,6,Shubman Gill,Gurjapneet Singh,B Sai Sudharsan,0,0,0,False,False,,0,0,0,0,0,False,,,,middle
1,Gujarat Titans,9,1,B Sai Sudharsan,A Kamboj,Shubman Gill,1,0,1,False,False,,0,0,0,0,0,False,,,,middle
1,Gujarat Titans,9,2,Shubman Gill,A Kamboj,B Sai Sudharsan,1,0,1,False,False,,0,0,0,0,0,False,,,,middle
1,Gujarat Titans,9,3,B Sai Sudharsan,A Kamboj,Shubman Gill,6,0,6,True,False,,0,0,0,0,0,False,,,,middle
1,Gujarat Titans,9,4,B Sai Sudharsan,A Kamboj,Shubman Gill,2,0,2,False,False,,0,0,0,0,0,False,,,,middle
1,Gujarat Titans,9,5,B Sai Sudharsan,A Kamboj,Shubman Gill,4,0,4,True,False,,0,0,0,0,0,False,,,,middle
1,Gujarat Titans,9,6,B Sai Sudharsan,A Kamboj,Shubman Gill,1,0,1,False,False,,0,0,0,0,0,False,,,,middle
1,Gujarat Titans,10,1,B Sai Sudharsan,S Dube,Shubman Gill,4,0,4,True,False,,0,0,0,0,0,False,,,,middle
1,Gujarat Titans,10,2,B Sai Sudharsan,S Dube,Shubman Gill,0,0,0,False,False,,0,0,0,0,0,False,,,,middle
1,Gujarat Titans,10,3,B Sai Sudharsan,S Dube,Shubman Gill,1,0,1,False,False,,0,0,0,0,0,False,,,,middle
1,Gujarat Titans,10,4,Shubman Gill,S Dube,B Sai Sudharsan,2,0,2,False,False,,0,0,0,0,0,False,,,,middle
1,Gujarat Titans,10,5,Shubman Gill,S Dube,B Sai Sudharsan,4,0,4,True,False,,0,0,0,0,0,False,,,,middle
1,Gujarat Titans,10,6,Shubman Gill,S Dube,B Sai Sudharsan,4,0,4,True,False,,0,0,0,0,0,False,,,,middle
1,Gujarat Titans,11,1,B Sai Sudharsan,Gurjapneet Singh,Shubman Gill,2,0,2,False,False,,0,0,0,0,0,False,,,,middle
1,Gujarat Titans,11,2,B Sai Sudharsan,Gurjapneet Singh,Shubman Gill,1,0,1,False,False,,0,0,0,0,0,False,,,,middle
1,Gujarat Titans,11,3.wides,Shubman Gill,Gurjapneet Singh,B Sai Sudharsan,0,1,1,False,False,wides,1,0,0,0,0,False,,,,middle
1,Gujarat Titans,11,3.wides,Shubman Gill,Gurjapneet Singh,B Sai Sudharsan,0,1,1,False,False,wides,1,0,0,0,0,False,,,,middle
1,Gujarat Titans,11,3,Shubman Gill,Gurjapneet Singh,B Sai Sudharsan,0,0,0,False,False,,0,0,0,0,0,False,,,,middle
1,Gujarat Titans,11,4,Shubman Gill,Gurjapneet Singh,B Sai Sudharsan,1,0,1,False,False,,0,0,0,0,0,False,,,,middle
1,Gujarat Titans,11,5,B Sai Sudharsan,Gurjapneet Singh,Shubman Gill,2,0,2,False,False,,0,0,0,0,0,False,,,,middle
1,Gujarat Titans,11,6.wides,B Sai Sudharsan,Gurjapneet Singh,Shubman Gill,0,1,1,False,False,wides,1,0,0,0,0,False,,,,middle
1,Gujarat Titans,11,6,B Sai Sudharsan,Gurjapneet Singh,Shubman Gill,1,0,1,False,False,,0,0,0,0,0,False,,,,middle
1,Gujarat Titans,12,1,B Sai Sudharsan,Noor Ahmad,Shubman Gill,1,0,1,False,False,,0,0,0,0,0,False,,,,middle
1,Gujarat Titans,12,2,Shubman Gill,Noor Ahmad,B Sai Sudharsan,0,0,0,False,False,,0,0,0,0,0,False,,,,middle
1,Gujarat Titans,12,3,Shubman Gill,Noor Ahmad,B Sai Sudharsan,0,0,0,False,False,,0,0,0,0,0,False,,,,middle
1,Gujarat Titans,12,4,Shubman Gill,Noor Ahmad,B Sai Sudharsan,0,0,0,False,False,,0,0,0,0,0,False,,,,middle
1,Gujarat Titans,12,5,Shubman Gill,Noor Ahmad,B Sai Sudharsan,1,0,1,False,False,,0,0,0,0,0,False,,,,middle
1,Gujarat Titans,12,6,B Sai Sudharsan,Noor Ahmad,Shubman Gill,1,0,1,False,False,,0,0,0,0,0,False,,,,middle
1,Gujarat Titans,13,1,B Sai Sudharsan,SH Johnson,Shubman Gill,0,1,1,False,False,legbyes,0,0,0,1,0,False,,,,middle
1,Gujarat Titans,13,2,Shubman Gill,SH Johnson,B Sai Sudharsan,0,0,0,False,False,,0,0,0,0,0,True,caught,Shubman Gill,S Dube,middle
1,Gujarat Titans,13,3,JC Buttler,SH Johnson,B Sai Sudharsan,4,0,4,True,False,,0,0,0,0,0,False,,,,middle
1,Gujarat Titans,13,4,JC Buttler,SH Johnson,B Sai Sudharsan,0,0,0,False,False,,0,0,0,0,0,False,,,,middle
1,Gujarat Titans,13,5,JC Buttler,SH Johnson,B Sai Sudharsan,0,0,0,False,False,,0,0,0,0,0,False,,,,middle
1,Gujarat Titans,13,6,JC Buttler,SH Johnson,B Sai Sudharsan,0,0,0,False,False,,0,0,0,0,0,False,,,,middle
1,Gujarat Titans,14,1,B Sai Sudharsan,Noor Ahmad,JC Buttler,4,0,4,True,False,,0,0,0,0,0,False,,,,middle
1,Gujarat Titans,14,2,B Sai Sudharsan,Noor Ahmad,JC Buttler,1,0,1,False,False,,0,0,0,0,0,False,,,,middle
1,Gujarat Titans,14,3,JC Buttler,Noor Ahmad,B Sai Sudharsan,6,0,6,True,False,,0,0,0,0,0,False,,,,middle
1,Gujarat Titans,14,4,JC Buttler,Noor Ahmad,B Sai Sudharsan,2,0,2,False,False,,0,0,0,0,0,False,,,,middle
1,Gujarat Titans,14,5,JC Buttler,Noor Ahmad,B Sai Sudharsan,1,0,1,False,False,,0,0,0,0,0,False,,,,middle
1,Gujarat Titans,14,6.wides,B Sai Sudharsan,Noor Ahmad,JC Buttler,0,2,2,False,False,wides,2,0,0,0,0,False,,,,middle
1,Gujarat Titans,14,6,JC Buttler,Noor Ahmad,B Sai Sudharsan,6,0,6,True,False,,0,0,0,0,0,False,,,,middle
1,Gujarat Titans,15,1,B Sai Sudharsan,Mukesh Choudhary,JC Buttler,0,0,0,False,False,,0,0,0,0,0,False,,,,middle
1,Gujarat Titans,15,2,B Sai Sudharsan,Mukesh Choudhary,JC Buttler,1,0,1,False,False,,0,0,0,0,0,False,,,,middle
1,Gujarat Titans,15,3,JC Buttler,Mukesh Choudhary,B Sai Sudharsan,6,0,6,True,False,,0,0,0,0,0,False,,,,middle
1,Gujarat Titans,15,4,JC Buttler,Mukesh Choudhary,B Sai Sudharsan,0,0,0,False,False,,0,0,0,0,0,False,,,,middle
1,Gujarat Titans,15,5,JC Buttler,Mukesh Choudhary,B Sai Sudharsan,1,0,1,False,False,,0,0,0,0,0,False,,,,middle
1,Gujarat Titans,15,6,B Sai Sudharsan,Mukesh Choudhary,JC Buttler,0,0,0,False,False,,0,0,0,0,0,False,,,,middle
1,Gujarat Titans,16,1,JC Buttler,A Kamboj,B Sai Sudharsan,1,0,1,False,False,,0,0,0,0,0,False,,,,death
1,Gujarat Titans,16,2,B Sai Sudharsan,A Kamboj,JC Buttler,4,0,4,True,False,,0,0,0,0,0,False,,,,death
1,Gujarat Titans,16,3.wides,B Sai Sudharsan,A Kamboj,JC Buttler,0,1,1,False,False,wides,1,0,0,0,0,False,,,,death
1,Gujarat Titans,16,3,B Sai Sudharsan,A Kamboj,JC Buttler,1,0,1,False,False,,0,0,0,0,0,False,,,,death
1,Gujarat Titans,16,4,JC Buttler,A Kamboj,B Sai Sudharsan,1,0,1,False,False,,0,0,0,0,0,False,,,,death
1,Gujarat Titans,16,5,B Sai Sudharsan,A Kamboj,JC Buttler,6,0,6,True,False,,0,0,0,0,0,False,,,,death
1,Gujarat Titans,16,6,B Sai Sudharsan,A Kamboj,JC Buttler,0,0,0,False,False,,0,0,0,0,0,False,,,,death
1,Gujarat Titans,17,1,JC Buttler,SH Johnson,B Sai Sudharsan,6,0,6,True,False,,0,0,0,0,0,False,,,,death
1,Gujarat Titans,17,2.wides,JC Buttler,SH Johnson,B Sai Sudharsan,0,1,1,False,False,wides,1,0,0,0,0,False,,,,death
1,Gujarat Titans,17,2,JC Buttler,SH Johnson,B Sai Sudharsan,0,0,0,False,False,,0,0,0,0,0,False,,,,death
1,Gujarat Titans,17,3,JC Buttler,SH Johnson,B Sai Sudharsan,1,0,1,False,False,,0,0,0,0,0,False,,,,death
1,Gujarat Titans,17,4,B Sai Sudharsan,SH Johnson,JC Buttler,1,0,1,False,False,,0,0,0,0,0,False,,,,death
1,Gujarat Titans,17,5,JC Buttler,SH Johnson,B Sai Sudharsan,1,0,1,False,False,,0,0,0,0,0,False,,,,death
1,Gujarat Titans,17,6.noballs,B Sai Sudharsan,SH Johnson,JC Buttler,1,1,2,False,False,noballs,0,1,0,0,0,False,,,,death
1,Gujarat Titans,17,6,JC Buttler,SH Johnson,B Sai Sudharsan,1,0,1,False,False,,0,0,0,0,0,False,,,,death
1,Gujarat Titans,18,1.wides,JC Buttler,Gurjapneet Singh,B Sai Sudharsan,0,1,1,False,False,wides,1,0,0,0,0,False,,,,death
1,Gujarat Titans,18,1,JC Buttler,Gurjapneet Singh,B Sai Sudharsan,1,0,1,False,False,,0,0,0,0,0,False,,,,death
1,Gujarat Titans,18,2,B Sai Sudharsan,Gurjapneet Singh,JC Buttler,1,0,1,False,False,,0,0,0,0,0,False,,,,death
1,Gujarat Titans,18,3,JC Buttler,Gurjapneet Singh,B Sai Sudharsan,1,0,1,False,False,,0,0,0,0,0,False,,,,death
1,Gujarat Titans,18,4,B Sai Sudharsan,Gurjapneet Singh,JC Buttler,6,0,6,True,False,,0,0,0,0,0,False,,,,death
1,Gujarat Titans,18,5,B Sai Sudharsan,Gurjapneet Singh,JC Buttler,1,0,1,False,False,,0,0,0,0,0,False,,,,death
1,Gujarat Titans,18,6,JC Buttler,Gurjapneet Singh,B Sai Sudharsan,4,0,4,True,False,,0,0,0,0,0,False,,,,death
1,Gujarat Titans,19,1,B Sai Sudharsan,A Kamboj,JC Buttler,6,0,6,True,False,,0,0,0,0,0,False,,,,death
1,Gujarat Titans,19,2,B Sai Sudharsan,A Kamboj,JC Buttler,0,0,0,False,False,,0,0,0,0,0,True,caught,B Sai Sudharsan,MW Short,death
1,Gujarat Titans,19,3,R Tewatia,A Kamboj,JC Buttler,0,0,0,False,False,,0,0,0,0,0,True,run out,R Tewatia,RD Gaikwad,death
1,Gujarat Titans,19,4,JC Buttler,A Kamboj,Washington Sundar,4,0,4,True,False,,0,0,0,0,0,False,,,,death
1,Gujarat Titans,19,5,JC Buttler,A Kamboj,Washington Sundar,4,0,4,True,False,,0,0,0,0,0,False,,,,death
1,Gujarat Titans,19,6,JC Buttler,A Kamboj,Washington Sundar,0,1,1,False,False,legbyes,0,0,0,1,0,False,,,,death
1,Gujarat Titans,20,1,JC Buttler,Mukesh Choudhary,Washington Sundar,4,0,4,True,False,,0,0,0,0,0,False,,,,death
1,Gujarat Titans,20,2,JC Buttler,Mukesh Choudhary,Washington Sundar,1,0,1,False,False,,0,0,0,0,0,False,,,,death
1,Gujarat Titans,20,3,Washington Sundar,Mukesh Choudhary,JC Buttler,6,0,6,True,False,,0,0,0,0,0,False,,,,death
1,Gujarat Titans,20,4,Washington Sundar,Mukesh Choudhary,JC Buttler,1,0,1,False,False,,0,0,0,0,0,False,,,,death
1,Gujarat Titans,20,5,JC Buttler,Mukesh Choudhary,Washington Sundar,1,0,1,False,False,,0,0,0,0,0,False,,,,death
1,Gujarat Titans,20,6,Washington Sundar,Mukesh Choudhary,JC Buttler,0,0,0,False,False,,0,0,0,0,0,True,caught,Washington Sundar,Urvil Patel,death
2,Chennai Super Kings,1,1,SV Samson,Mohammed Siraj,MW Short,0,0,0,False,False,,0,0,0,0,0,True,caught,SV Samson,JC Buttler,powerplay
2,Chennai Super Kings,1,2,RD Gaikwad,Mohammed Siraj,MW Short,0,0,0,False,False,,0,0,0,0,0,False,,,,powerplay
2,Chennai Super Kings,1,3,RD Gaikwad,Mohammed Siraj,MW Short,0,0,0,False,False,,0,0,0,0,0,False,,,,powerplay
2,Chennai Super Kings,1,4,RD Gaikwad,Mohammed Siraj,MW Short,4,0,4,True,False,,0,0,0,0,0,False,,,,powerplay
2,Chennai Super Kings,1,5,RD Gaikwad,Mohammed Siraj,MW Short,6,0,6,True,False,,0,0,0,0,0,False,,,,powerplay
2,Chennai Super Kings,1,6,RD Gaikwad,Mohammed Siraj,MW Short,0,0,0,False,False,,0,0,0,0,0,False,,,,powerplay
2,Chennai Super Kings,2,1,MW Short,K Rabada,RD Gaikwad,4,0,4,True,False,,0,0,0,0,0,False,,,,powerplay
2,Chennai Super Kings,2,2.wides,MW Short,K Rabada,RD Gaikwad,0,1,1,False,False,wides,1,0,0,0,0,False,,,,powerplay
2,Chennai Super Kings,2,2,MW Short,K Rabada,RD Gaikwad,2,0,2,False,False,,0,0,0,0,0,False,,,,powerplay
2,Chennai Super Kings,2,3,MW Short,K Rabada,RD Gaikwad,0,0,0,False,False,,0,0,0,0,0,False,,,,powerplay
2,Chennai Super Kings,2,4,MW Short,K Rabada,RD Gaikwad,0,0,0,False,False,,0,0,0,0,0,False,,,,powerplay
2,Chennai Super Kings,2,5,MW Short,K Rabada,RD Gaikwad,6,0,6,True,False,,0,0,0,0,0,False,,,,powerplay
2,Chennai Super Kings,2,6,MW Short,K Rabada,RD Gaikwad,0,0,0,False,False,,0,0,0,0,0,False,,,,powerplay
2,Chennai Super Kings,3,1,RD Gaikwad,Mohammed Siraj,MW Short,6,0,6,True,False,,0,0,0,0,0,False,,,,powerplay
2,Chennai Super Kings,3,2,RD Gaikwad,Mohammed Siraj,MW Short,0,0,0,False,False,,0,0,0,0,0,True,bowled,RD Gaikwad,,powerplay
2,Chennai Super Kings,3,3,Urvil Patel,Mohammed Siraj,MW Short,0,0,0,False,False,,0,0,0,0,0,False,,,,powerplay
2,Chennai Super Kings,3,4,Urvil Patel,Mohammed Siraj,MW Short,0,0,0,False,False,,0,0,0,0,0,True,caught,Urvil Patel,M Prasidh Krishna,powerplay
2,Chennai Super Kings,3,5,Kartik Sharma,Mohammed Siraj,MW Short,2,0,2,False,False,,0,0,0,0,0,False,,,,powerplay
2,Chennai Super Kings,3,6,Kartik Sharma,Mohammed Siraj,MW Short,0,0,0,False,False,,0,0,0,0,0,False,,,,powerplay
2,Chennai Super Kings,4,1,MW Short,K Rabada,Kartik Sharma,1,0,1,False,False,,0,0,0,0,0,False,,,,powerplay
2,Chennai Super Kings,4,2,Kartik Sharma,K Rabada,MW Short,4,0,4,True,False,,0,0,0,0,0,False,,,,powerplay
2,Chennai Super Kings,4,3,Kartik Sharma,K Rabada,MW Short,1,0,1,False,False,,0,0,0,0,0,False,,,,powerplay
2,Chennai Super Kings,4,4,MW Short,K Rabada,Kartik Sharma,2,0,2,False,False,,0,0,0,0,0,False,,,,powerplay
2,Chennai Super Kings,4,5,MW Short,K Rabada,Kartik Sharma,0,0,0,False,False,,0,0,0,0,0,False,,,,powerplay
2,Chennai Super Kings,4,6,MW Short,K Rabada,Kartik Sharma,4,0,4,True,False,,0,0,0,0,0,False,,,,powerplay
2,Chennai Super Kings,5,1,Kartik Sharma,Mohammed Siraj,MW Short,1,0,1,False,False,,0,0,0,0,0,False,,,,powerplay
2,Chennai Super Kings,5,2,MW Short,Mohammed Siraj,Kartik Sharma,0,0,0,False,False,,0,0,0,0,0,False,,,,powerplay
2,Chennai Super Kings,5,3,MW Short,Mohammed Siraj,Kartik Sharma,4,0,4,True,False,,0,0,0,0,0,False,,,,powerplay
2,Chennai Super Kings,5,4,MW Short,Mohammed Siraj,Kartik Sharma,1,0,1,False,False,,0,0,0,0,0,False,,,,powerplay
2,Chennai Super Kings,5,5,Kartik Sharma,Mohammed Siraj,MW Short,0,0,0,False,False,,0,0,0,0,0,False,,,,powerplay
2,Chennai Super Kings,5,6,Kartik Sharma,Mohammed Siraj,MW Short,2,0,2,False,False,,0,0,0,0,0,False,,,,powerplay
2,Chennai Super Kings,6,1,MW Short,K Rabada,Kartik Sharma,0,0,0,False,False,,0,0,0,0,0,True,caught,MW Short,M Prasidh Krishna,powerplay
2,Chennai Super Kings,6,2,D Brevis,K Rabada,Kartik Sharma,1,0,1,False,False,,0,0,0,0,0,False,,,,powerplay
2,Chennai Super Kings,6,3,Kartik Sharma,K Rabada,D Brevis,1,0,1,False,False,,0,0,0,0,0,False,,,,powerplay
2,Chennai Super Kings,6,4,D Brevis,K Rabada,Kartik Sharma,1,0,1,False,False,,0,0,0,0,0,False,,,,powerplay
2,Chennai Super Kings,6,5,Kartik Sharma,K Rabada,D Brevis,0,0,0,False,False,,0,0,0,0,0,False,,,,powerplay
2,Chennai Super Kings,6,6,Kartik Sharma,K Rabada,D Brevis,4,0,4,True,False,,0,0,0,0,0,False,,,,powerplay
2,Chennai Super Kings,7,1,D Brevis,Arshad Khan,Kartik Sharma,1,0,1,False,False,,0,0,0,0,0,False,,,,middle
2,Chennai Super Kings,7,2,Kartik Sharma,Arshad Khan,D Brevis,0,0,0,False,False,,0,0,0,0,0,False,,,,middle
2,Chennai Super Kings,7,3,Kartik Sharma,Arshad Khan,D Brevis,0,0,0,False,False,,0,0,0,0,0,False,,,,middle
2,Chennai Super Kings,7,4,Kartik Sharma,Arshad Khan,D Brevis,0,0,0,False,False,,0,0,0,0,0,False,,,,middle
2,Chennai Super Kings,7,5,Kartik Sharma,Arshad Khan,D Brevis,4,0,4,True,False,,0,0,0,0,0,False,,,,middle
2,Chennai Super Kings,7,6,Kartik Sharma,Arshad Khan,D Brevis,0,0,0,False,False,,0,0,0,0,0,True,run out,Kartik Sharma,Shubman Gill,middle
2,Chennai Super Kings,8,1,S Dube,JO Holder,D Brevis,2,0,2,False,False,,0,0,0,0,0,False,,,,middle
2,Chennai Super Kings,8,2,S Dube,JO Holder,D Brevis,0,0,0,False,False,,0,0,0,0,0,False,,,,middle
2,Chennai Super Kings,8,3,S Dube,JO Holder,D Brevis,4,0,4,True,False,,0,0,0,0,0,False,,,,middle
2,Chennai Super Kings,8,4,S Dube,JO Holder,D Brevis,1,0,1,False,False,,0,0,0,0,0,False,,,,middle
2,Chennai Super Kings,8,5,D Brevis,JO Holder,S Dube,1,0,1,False,False,,0,0,0,0,0,False,,,,middle
2,Chennai Super Kings,8,6,S Dube,JO Holder,D Brevis,1,0,1,False,False,,0,0,0,0,0,False,,,,middle
2,Chennai Super Kings,9,1,S Dube,Arshad Khan,D Brevis,6,0,6,True,False,,0,0,0,0,0,False,,,,middle
2,Chennai Super Kings,9,2,S Dube,Arshad Khan,D Brevis,4,0,4,True,False,,0,0,0,0,0,False,,,,middle
2,Chennai Super Kings,9,3.wides,S Dube,Arshad Khan,D Brevis,0,1,1,False,False,wides,1,0,0,0,0,False,,,,middle
2,Chennai Super Kings,9,3,S Dube,Arshad Khan,D Brevis,4,0,4,True,False,,0,0,0,0,0,False,,,,middle
2,Chennai Super Kings,9,4.wides,S Dube,Arshad Khan,D Brevis,0,1,1,False,False,wides,1,0,0,0,0,False,,,,middle
2,Chennai Super Kings,9,4,S Dube,Arshad Khan,D Brevis,1,0,1,False,False,,0,0,0,0,0,False,,,,middle
2,Chennai Super Kings,9,5,D Brevis,Arshad Khan,S Dube,1,0,1,False,False,,0,0,0,0,0,False,,,,middle
2,Chennai Super Kings,9,6,S Dube,Arshad Khan,D Brevis,1,0,1,False,False,,0,0,0,0,0,False,,,,middle
2,Chennai Super Kings,10,1,S Dube,JO Holder,D Brevis,6,0,6,True,False,,0,0,0,0,0,False,,,,middle
2,Chennai Super Kings,10,2,S Dube,JO Holder,D Brevis,4,0,4,True,False,,0,0,0,0,0,False,,,,middle
2,Chennai Super Kings,10,3,S Dube,JO Holder,D Brevis,0,0,0,False,False,,0,0,0,0,0,False,,,,middle
2,Chennai Super Kings,10,4,S Dube,JO Holder,D Brevis,6,0,6,True,False,,0,0,0,0,0,False,,,,middle
2,Chennai Super Kings,10,5,S Dube,JO Holder,D Brevis,1,0,1,False,False,,0,0,0,0,0,False,,,,middle
2,Chennai Super Kings,10,6,D Brevis,JO Holder,S Dube,1,0,1,False,False,,0,0,0,0,0,False,,,,middle
2,Chennai Super Kings,11,1,D Brevis,Rashid Khan,S Dube,1,0,1,False,False,,0,0,0,0,0,False,,,,middle
2,Chennai Super Kings,11,2,S Dube,Rashid Khan,D Brevis,6,0,6,True,False,,0,0,0,0,0,False,,,,middle
2,Chennai Super Kings,11,3,S Dube,Rashid Khan,D Brevis,0,0,0,False,False,,0,0,0,0,0,True,caught,S Dube,Shubman Gill,middle
2,Chennai Super Kings,11,4,A Kamboj,Rashid Khan,D Brevis,0,0,0,False,False,,0,0,0,0,0,False,,,,middle
2,Chennai Super Kings,11,5,A Kamboj,Rashid Khan,D Brevis,6,0,6,True,False,,0,0,0,0,0,False,,,,middle
2,Chennai Super Kings,11,6,A Kamboj,Rashid Khan,D Brevis,1,0,1,False,False,,0,0,0,0,0,False,,,,middle
2,Chennai Super Kings,12,1,A Kamboj,M Prasidh Krishna,D Brevis,6,0,6,True,False,,0,0,0,0,0,False,,,,middle
2,Chennai Super Kings,12,2,A Kamboj,M Prasidh Krishna,D Brevis,4,0,4,True,False,,0,0,0,0,0,False,,,,middle
2,Chennai Super Kings,12,3,A Kamboj,M Prasidh Krishna,D Brevis,1,0,1,False,False,,0,0,0,0,0,False,,,,middle
2,Chennai Super Kings,12,4,D Brevis,M Prasidh Krishna,A Kamboj,1,0,1,False,False,,0,0,0,0,0,False,,,,middle
2,Chennai Super Kings,12,5,A Kamboj,M Prasidh Krishna,D Brevis,1,0,1,False,False,,0,0,0,0,0,False,,,,middle
2,Chennai Super Kings,12,6,D Brevis,M Prasidh Krishna,A Kamboj,0,0,0,False,False,,0,0,0,0,0,False,,,,middle
2,Chennai Super Kings,13,1,A Kamboj,Rashid Khan,D Brevis,0,0,0,False,False,,0,0,0,0,0,True,caught,A Kamboj,JO Holder,middle
2,Chennai Super Kings,13,2,Noor Ahmad,Rashid Khan,D Brevis,0,0,0,False,False,,0,0,0,0,0,False,,,,middle
2,Chennai Super Kings,13,3,Noor Ahmad,Rashid Khan,D Brevis,1,0,1,False,False,,0,0,0,0,0,False,,,,middle
2,Chennai Super Kings,13,4.wides,D Brevis,Rashid Khan,Noor Ahmad,0,1,1,False,False,wides,1,0,0,0,0,False,,,,middle
2,Chennai Super Kings,13,4,D Brevis,Rashid Khan,Noor Ahmad,0,0,0,False,False,,0,0,0,0,0,True,caught,D Brevis,JO Holder,middle
2,Chennai Super Kings,13,5,Mukesh Choudhary,Rashid Khan,Noor Ahmad,2,0,2,False,False,,0,0,0,0,0,False,,,,middle
2,Chennai Super Kings,13,6,Mukesh Choudhary,Rashid Khan,Noor Ahmad,0,0,0,False,False,,0,0,0,0,0,False,,,,middle
2,Chennai Super Kings,14,1,Noor Ahmad,K Rabada,Mukesh Choudhary,0,0,0,False,False,,0,0,0,0,0,False,,,,middle
2,Chennai Super Kings,14,2,Noor Ahmad,K Rabada,Mukesh Choudhary,0,0,0,False,False,,0,0,0,0,0,False,,,,middle
2,Chennai Super Kings,14,3,Noor Ahmad,K Rabada,Mukesh Choudhary,0,0,0,False,False,,0,0,0,0,0,True,caught and bowled,Noor Ahmad,,middle
2,Chennai Super Kings,14,4,SH Johnson,K Rabada,Mukesh Choudhary,0,0,0,False,False,,0,0,0,0,0,True,caught,SH Johnson,JC Buttler,middle
