player,cricsheet_id
A Badoni,872b03f7
A Bengeri,c109497d
A Kamboj,fcc21ace
A Kripal Singh,8f559207
A Mhatre,b2b4f545
A Nortje,acdc62f5
A Raghuvanshi,d7017798
A Totre,b1d7d7bc
AA Kulkarni,2d140b79
AF Milne,350bb1b1
AJ Hosein,4d7f517e
AK Argal,0ee78cf3
AK Markram,6a26221c
AM Ghazanfar,9ca68676
AM Rahane,29e95537
AR Patel,2e171977
AS Roy,e4cdf230
AT Holdstock,6fa3258c
Abdul Samad,8e514b4c
Abhijit Bhattacharya,59ec9638
Abhinandan Singh,82c10dac
Abhishek Sharma,f29185a1
Abishek Porel,ad3b6e95
Akash Singh,b483905d
Akshat Raghuwanshi,d8d67045
Amit Rana,f5db088b
Amit Sharma,7ea3e0cc
Aniket Verma,a3b0600d
Anish Sahasrabudhe,2892df67
Arjun Tendulkar,44aac2f0
Arshad Khan,12314277
Arshdeep Singh,244048f6
Ashok Sharma,50c09020
Ashutosh Sharma,84d9c311
Ashwani Kumar,d45c29b1
Auqib Nabi,7c3c0337
Avesh Khan,eef2536f
Azmatullah Omarzai,8f6dd463
B Kumar,2e81a32d
B Muzarabani,449f4e3c
B Sai Sudharsan,d5130a30
BJ Dwarshuis,e1b9f3a9
Bhavesh Patel,ee03dc30
Brijesh Sharma,133bbd61
C Bosch,172dff15
C Connolly,fe366f34
C Green,eaa76d3c
CV Varun,5b7ab5a9
D Brevis,844e79d1
D Ferreira,f0af99a7
D Madushanka,de7d833e
D Padikkal,2c25d4f5
DA Miller,d67d5f00
DA Payne,6c79c098
DL Chahar,23eeb873
DS Manohar,b35f3ac8
DS Rathi,13fc5c6d
DV Malewar,9e6032fa
Dhruv Jurel,bcf325d2
E Malinga,5750bcb4
FH Allen,bf74b130
GD Phillips,9a46c4e5
GF Linde,e5437608
Gurjapneet Singh,cc61ee8f
H Klaasen,235c2bb6
HAS Khalid,291ded7c
HDPK Dharmasena,323e4c16
HH Pandya,dbe50b21
HV Patel,f986ca1a
Harpreet Brar,c05edf8e
Harsh Dubey,25228673
Himmat Singh,ebcfef83
IR Siddiqui,6436f803
Ishan Kishan,752f7486
J Madanagopal,8275b04a
J Overton,59559bc2
J Srinath,bad31fac
JA Duffy,dadbdb68
JC Archer,5574750c
JC Buttler,99b75528
JD Unadkat,1e66c162
JG Bethell,3c55c703
JJ Bumrah,462411b3
JM Cox,ff154ecd
JM Sharma,800d2d97
JO Holder,0f721006
JP Inglis,989889ff
JR Hazlewood,03806cf8
K Kelkar,1d88908d
K Khejroliya,fa2f1dde
K Rabada,e62dd25d
K Swaroopanand,aa2a4962
KA Jamieson,68c56d09
KH Pandya,5b8c830e
KK Ahmed,a2f46292
KK Nair,944533a5
KL Rahul,b17e2f24
KM Gandhi,a9421c64
KN Ananthapadmanabhan,3144063a
Kartik Sharma,7b679de5
Kartik Tyagi,5d2eea49
Krish Bhagat,e48a4814
Kuldeep Yadav,8d2c70ad
Kumar Kushagra,57ca01b3
L Ngidi,f834dcfc
LG Pretorius,60aa2db3
LH Ferguson,2f9d0389
LS Livingstone,50c6bc2b
M Jansen,81c36ee9
M Krishnadas,e298c588
M Markande,a9fd84fb
M Pathirana,64839cb3
M Prasidh Krishna,85e0cf10
M Shahrukh Khan,7dcb9bc9
M Siddharth,cf0ccafa
M Tiwari,fb5f69e4
MA Starc,3fb19989
MD Choudhary,1c84109e
MD Shanaka,3ff033bb
MJ Henry,e84ac20c
MJ Santner,e4a0deae
MJ Suthar,025c4400
MK Pandey,93b4fc78
MP Stoinis,d9273ee7
MP Yadav,b1ad996b
MR Marsh,3d8feaf8
MV Saidharshan Kumar,54b6007b
MW Short,a90e53ec
Mayank Rawat,2b801189
Mohammed Shami,8cf9814c
Mohammed Siraj,2f49c897
Mohsin Khan,c33d8116
Mukesh Choudhary,765a4731
Mukesh Kumar,2cffab74
N Burger,465aa633
N Pooran,3241e3fd
N Rana,fb2d1dda
N Sindhu,3cea23da
N Wadhera,d1a60072
Naman Dhir,fffa744b
Navdeep Saini,21d4e29b
Nithish Kumar Reddy,aad0c365
Nitin Menon,e1d41d9e
Noor Ahmad,efc04be7
P Dharmani,eaa90ab4
P Dubey,ed5a5510
P Joshi,ffc0e370
P Nissanka,8ee36b18
P Simran Singh,9418198b
PD Salt,3d284ca3
PJ Cummins,ded9240e
PP Hinge,ece7b6b3
PR Veer,e148e6bd
PVD Chameera,327b58d3
Prakash Bhatt,f848ab0b
Prince Yadav,80b2fb19
Priyansh Arya,b5797845
Q de Kock,372455c4
R Minz,bafd0398
R Pandit,8a604384
R Parag,04a418e8
R Powell,650d5e49
R Sai Kishore,c7a995d3
R Seth,540a44ba
R Shepherd,c5aef772
R Smaran,c1e53c3f
R Tewatia,39a2dfa8
RA Bawa,ba6b2f91
RA Jadeja,fe93fd9d
RD Chahar,2ed569a0
RD Gaikwad,45a43fe2
RD Rickelton,e66732f8
RG Sharma,740742ef
RK Singh,0a509d6b
RM Patidar,c740ea83
RR Pant,919a3be2
RS Ghosh,dee07622
Raghu Sharma,5b615e7c
Ramandeep Singh,be24ead0
Rashid Khan,5f547c8b
Rasikh Salam,b8527c3d
Ravi Bishnoi,df064e1a
Ravi Singh,548516a6
S Arora,d7423da1
S Dube,a4e37e47
SA Yadav,271f83cd
SB Dubey,6b2ff18f
SE Rutherford,d014d5ac
SH Johnson,83c3e8e3
SJ Nogajski,9b3f9323
SN Khan,f088b960
SN Thakur,1abb78f8
SO Hetmyer,48a1d7b7
SP Narine,9d430b40
SR Dubey,11061889
SS Iyer,85ec8e33
SS Mishra,92500ad5
SU Parakh,926c7443
SV Samson,a4cc73aa
Sakib Hussain,280fff14
Salil Arora,d7423da1
Sameer Rizvi,f89d3b11
Sandeep Sharma,ce820073
Shahbaz Ahmed,f9e6e7ef
Shakti Singh,eb90d319
Shashank Singh,26989d80
Shivang Kumar,7b44eb3e
Shubman Gill,b4b99816
Suryansh Shedge,970ddd24
Suyash Sharma,9440ef41
T Dahiya,f12fe2a1
T Ematty,e995f8e9
T Natarajan,ce794613
T Stubbs,85b3fab2
T Vijay,51ec3919
TA Boult,a818c1be
TH David,f1f99156
TL Seifert,4663bd23
TM Head,12b610c2
TM Srivastava,a76d10ba
TU Deshpande,46a9bea1
Tilak Varma,b0482a1d
UV Gandhe,43dd4011
Urvil Patel,cf59b3f0
V Kohli,ba607b88
V Narayan Kutty,4bacee3d
V Nigam,5ffc0565
V Suryavanshi,470f446b
VG Arora,7c3b3b78
VK Sharma,a7a49df4
VR Iyer,a24be938
Vijaykumar Vyshak,54e52590
Vinod Seshan,a3357a27
Vishnu Vinod,0494fa6e
WG Jacks,9caf69a1
Washington Sundar,f19ccfad
XC Bartlett,3b53243a
YBK Jaiswal,6c19c6e5
YS Chahal,57ee1fde
Yash Raj Punja,02dfebbe
Yash Thakur,4b31f3a3
