player,team,role,matches
A Badoni,Lucknow Super Giants,all-rounder,10
A Kamboj,Chennai Super Kings,all-rounder,14
A Mhatre,Chennai Super Kings,batter,6
A Nortje,Lucknow Super Giants,all-rounder,1
A Raghuvanshi,Kolkata Knight Riders,batter,12
AA Kulkarni,Lucknow Super Giants,batter,2
AF Milne,Rajasthan Royals,all-rounder,1
AJ Hosein,Chennai Super Kings,all-rounder,7
AK Markram,Lucknow Super Giants,all-rounder,11
AM Ghazanfar,Mumbai Indians,all-rounder,11
AM Rahane,Kolkata Knight Riders,batter,14
AR Patel,Delhi Capitals,all-rounder,14
AS Roy,Kolkata Knight Riders,all-rounder,13
Abdul Samad,Lucknow Super Giants,all-rounder,7
Abhinandan Singh,Royal Challengers Bengaluru,bowler,3
Abhishek Sharma,Sunrisers Hyderabad,all-rounder,15
Abishek Porel,Delhi Capitals,batter,4
Akash Singh,Lucknow Super Giants,bowler,2
Akshat Raghuwanshi,Lucknow Super Giants,batter,2
Aniket Verma,Sunrisers Hyderabad,batter,8
Arjun Tendulkar,Lucknow Super Giants,all-rounder,1
Arshad Khan,Gujarat Titans,all-rounder,6
Arshdeep Singh,Punjab Kings,all-rounder,14
Ashok Sharma,Gujarat Titans,all-rounder,6
Ashutosh Sharma,Delhi Capitals,batter,8
Ashwani Kumar,Mumbai Indians,all-rounder,3
Auqib Nabi,Delhi Capitals,all-rounder,5
Avesh Khan,Lucknow Super Giants,all-rounder,7
Azmatullah Omarzai,Punjab Kings,all-rounder,3
B Kumar,Royal Challengers Bengaluru,all-rounder,16
B Muzarabani,Kolkata Knight Riders,bowler,2
B Sai Sudharsan,Gujarat Titans,batter,17
BJ Dwarshuis,Punjab Kings,bowler,1
Brijesh Sharma,Rajasthan Royals,all-rounder,13
C Bosch,Mumbai Indians,all-rounder,6
C Connolly,Punjab Kings,batter,13
C Green,Kolkata Knight Riders,all-rounder,14
CV Varun,Kolkata Knight Riders,all-rounder,11
D Brevis,Chennai Super Kings,batter,8
D Ferreira,Rajasthan Royals,all-rounder,13
D Madushanka,Sunrisers Hyderabad,bowler,1
D Padikkal,Royal Challengers Bengaluru,batter,15
DA Miller,Delhi Capitals,batter,10
DA Payne,Sunrisers Hyderabad,all-rounder,2
DL Chahar,Mumbai Indians,all-rounder,8
DS Rathi,Lucknow Super Giants,all-rounder,10
DV Malewar,Mumbai Indians,batter,2
Dhruv Jurel,Rajasthan Royals,batter,16
E Malinga,Sunrisers Hyderabad,all-rounder,15
FH Allen,Kolkata Knight Riders,batter,11
GD Phillips,Gujarat Titans,batter,5
GF Linde,Lucknow Super Giants,all-rounder,3
Gurjapneet Singh,Chennai Super Kings,bowler,8
H Klaasen,Sunrisers Hyderabad,batter,15
HH Pandya,Mumbai Indians,all-rounder,10
HV Patel,Sunrisers Hyderabad,all-rounder,5
Harpreet Brar,Punjab Kings,all-rounder,2
Harsh Dubey,Sunrisers Hyderabad,all-rounder,8
Himmat Singh,Lucknow Super Giants,batter,5
Ishan Kishan,Sunrisers Hyderabad,batter,15
J Overton,Chennai Super Kings,all-rounder,10
JA Duffy,Royal Challengers Bengaluru,bowler,6
JC Archer,Rajasthan Royals,all-rounder,16
JC Buttler,Gujarat Titans,batter,17
JD Unadkat,Sunrisers Hyderabad,all-rounder,4
JG Bethell,Royal Challengers Bengaluru,batter,7
JJ Bumrah,Mumbai Indians,all-rounder,13
JM Cox,Royal Challengers Bengaluru,batter,0
JM Sharma,Royal Challengers Bengaluru,batter,12
JO Holder,Gujarat Titans,all-rounder,11
JP Inglis,Lucknow Super Giants,batter,5
JR Hazlewood,Royal Challengers Bengaluru,all-rounder,13
K Khejroliya,Gujarat Titans,bowler,1
K Rabada,Gujarat Titans,all-rounder,17
KA Jamieson,Delhi Capitals,all-rounder,2
KH Pandya,Royal Challengers Bengaluru,all-rounder,16
KK Ahmed,Chennai Super Kings,bowler,5
KK Nair,Delhi Capitals,batter,2
KL Rahul,Delhi Capitals,batter,14
Kartik Sharma,Chennai Super Kings,batter,11
Kartik Tyagi,Kolkata Knight Riders,all-rounder,13
Krish Bhagat,Mumbai Indians,all-rounder,3
Kuldeep Yadav,Delhi Capitals,all-rounder,12
Kumar Kushagra,Gujarat Titans,batter,1
L Ngidi,Delhi Capitals,all-rounder,11
LG Pretorius,Rajasthan Royals,batter,2
LH Ferguson,Punjab Kings,bowler,3
LS Livingstone,Sunrisers Hyderabad,batter,2
M Jansen,Punjab Kings,all-rounder,12
M Markande,Mumbai Indians,bowler,3
M Pathirana,Kolkata Knight Riders,bowler,1
M Prasidh Krishna,Gujarat Titans,all-rounder,12
M Shahrukh Khan,Gujarat Titans,batter,5
M Siddharth,Lucknow Super Giants,bowler,4
M Tiwari,Delhi Capitals,all-rounder,3
MA Starc,Delhi Capitals,all-rounder,6
MD Choudhary,Lucknow Super Giants,batter,10
MD Shanaka,Rajasthan Royals,all-rounder,6
MJ Henry,Chennai Super Kings,all-rounder,3
MJ Santner,Mumbai Indians,all-rounder,4
MJ Suthar,Gujarat Titans,bowler,3
MK Pandey,Kolkata Knight Riders,batter,2
MP Stoinis,Punjab Kings,all-rounder,10
MP Yadav,Lucknow Super Giants,all-rounder,4
MR Marsh,Lucknow Super Giants,batter,13
MW Short,Chennai Super Kings,all-rounder,3
Mohammed Shami,Lucknow Super Giants,all-rounder,13
Mohammed Siraj,Gujarat Titans,all-rounder,17
Mohsin Khan,Lucknow Super Giants,all-rounder,7
Mukesh Choudhary,Chennai Super Kings,all-rounder,8
Mukesh Kumar,Delhi Capitals,bowler,10
N Burger,Rajasthan Royals,all-rounder,13
N Pooran,Lucknow Super Giants,batter,14
N Rana,Delhi Capitals,all-rounder,9
N Sindhu,Gujarat Titans,batter,5
N Wadhera,Punjab Kings,batter,6
Naman Dhir,Mumbai Indians,batter,14
Navdeep Saini,Kolkata Knight Riders,bowler,1
Nithish Kumar Reddy,Sunrisers Hyderabad,all-rounder,14
Noor Ahmad,Chennai Super Kings,all-rounder,14
P Dubey,Punjab Kings,batter,0
P Nissanka,Delhi Capitals,batter,10
P Simran Singh,Punjab Kings,batter,13
PD Salt,Royal Challengers Bengaluru,batter,6
PJ Cummins,Sunrisers Hyderabad,all-rounder,8
PP Hinge,Sunrisers Hyderabad,all-rounder,7
PR Veer,Chennai Super Kings,all-rounder,6
PVD Chameera,Delhi Capitals,all-rounder,1
Prince Yadav,Lucknow Super Giants,all-rounder,14
Priyansh Arya,Punjab Kings,batter,13
Q de Kock,Mumbai Indians,batter,3
R Minz,Mumbai Indians,batter,2
R Parag,Rajasthan Royals,all-rounder,14
R Powell,Kolkata Knight Riders,batter,7
R Sai Kishore,Gujarat Titans,bowler,2
R Shepherd,Royal Challengers Bengaluru,all-rounder,14
R Smaran,Sunrisers Hyderabad,batter,4
R Tewatia,Gujarat Titans,batter,15
RA Bawa,Mumbai Indians,all-rounder,2
RA Jadeja,Rajasthan Royals,all-rounder,13
RD Chahar,Chennai Super Kings,bowler,1
RD Gaikwad,Chennai Super Kings,batter,14
RD Rickelton,Mumbai Indians,batter,12
RG Sharma,Mumbai Indians,batter,9
RK Singh,Kolkata Knight Riders,batter,11
RM Patidar,Royal Challengers Bengaluru,batter,14
RR Pant,Lucknow Super Giants,batter,13
RS Ghosh,Chennai Super Kings,bowler,1
Raghu Sharma,Mumbai Indians,bowler,5
Ramandeep Singh,Kolkata Knight Riders,all-rounder,6
Rashid Khan,Gujarat Titans,all-rounder,17
Rasikh Salam,Royal Challengers Bengaluru,all-rounder,12
Ravi Bishnoi,Rajasthan Royals,all-rounder,9
Ravi Singh,Rajasthan Royals,batter,1
S Arora,Sunrisers Hyderabad,batter,10
S Dube,Chennai Super Kings,all-rounder,12
SA Yadav,Mumbai Indians,batter,13
SB Dubey,Rajasthan Royals,batter,6
SE Rutherford,Mumbai Indians,batter,7
SH Johnson,Chennai Super Kings,all-rounder,3
SN Khan,Chennai Super Kings,batter,7
SN Thakur,Mumbai Indians,all-rounder,8
SO Hetmyer,Rajasthan Royals,batter,7
SP Narine,Kolkata Knight Riders,all-rounder,13
SR Dubey,Kolkata Knight Riders,all-rounder,4
SS Iyer,Punjab Kings,batter,13
SS Mishra,Rajasthan Royals,all-rounder,2
SU Parakh,Delhi Capitals,batter,4
SV Samson,Chennai Super Kings,batter,14
Sakib Hussain,Sunrisers Hyderabad,all-rounder,11
Salil Arora,Sunrisers Hyderabad,batter,1
Sameer Rizvi,Delhi Capitals,batter,9
Sandeep Sharma,Rajasthan Royals,bowler,6
Shahbaz Ahmed,Lucknow Super Giants,all-rounder,5
Shashank Singh,Punjab Kings,all-rounder,11
Shivang Kumar,Sunrisers Hyderabad,all-rounder,13
Shubman Gill,Gujarat Titans,batter,16
Suryansh Shedge,Punjab Kings,batter,7
Suyash Sharma,Royal Challengers Bengaluru,bowler,12
T Dahiya,Kolkata Knight Riders,batter,2
T Natarajan,Delhi Capitals,all-rounder,10
T Stubbs,Delhi Capitals,batter,13
T Vijay,Delhi Capitals,bowler,1
TA Boult,Mumbai Indians,all-rounder,5
TH David,Royal Challengers Bengaluru,all-rounder,15
TL Seifert,Kolkata Knight Riders,batter,3
TM Head,Sunrisers Hyderabad,all-rounder,15
TU Deshpande,Rajasthan Royals,all-rounder,7
Tilak Varma,Mumbai Indians,batter,14
Urvil Patel,Chennai Super Kings,batter,7
V Kohli,Royal Challengers Bengaluru,batter,16
V Nigam,Delhi Capitals,all-rounder,5
V Suryavanshi,Rajasthan Royals,batter,16
VG Arora,Kolkata Knight Riders,all-rounder,10
VR Iyer,Royal Challengers Bengaluru,batter,6
Vijaykumar Vyshak,Punjab Kings,all-rounder,9
Vishnu Vinod,Punjab Kings,batter,1
WG Jacks,Mumbai Indians,all-rounder,7
Washington Sundar,Gujarat Titans,all-rounder,16
XC Bartlett,Punjab Kings,all-rounder,9
YBK Jaiswal,Rajasthan Royals,batter,16
YS Chahal,Punjab Kings,bowler,12
Yash Raj Punja,Rajasthan Royals,bowler,8
Yash Thakur,Punjab Kings,bowler,1
