match_number,date,opponent,venue,result,margin
5,2026-04-01,Delhi Capitals,"Bharat Ratna Shri Atal Bihari Vajpayee Ekana Cricket Stadium, Lucknow",lost,by 6 wickets
10,2026-04-05,Sunrisers Hyderabad,"Rajiv Gandhi International Stadium, Uppal, Hyderabad",won,by 5 wickets
15,2026-04-09,Kolkata Knight Riders,"Eden Gardens, Kolkata",won,by 3 wickets
19,2026-04-12,Gujarat Titans,"Bharat Ratna Shri Atal Bihari Vajpayee Ekana Cricket Stadium, Lucknow",lost,by 7 wickets
23,2026-04-15,Royal Challengers Bengaluru,"M Chinnaswamy Stadium, Bengaluru",lost,by 5 wickets
29,2026-04-19,Punjab Kings,"Maharaja Yadavindra Singh International Cricket Stadium, New Chandigarh",lost,by 54 runs
32,2026-04-22,Rajasthan Royals,"Bharat Ratna Shri Atal Bihari Vajpayee Ekana Cricket Stadium, Lucknow",lost,by 40 runs
38,2026-04-26,Kolkata Knight Riders,"Bharat Ratna Shri Atal Bihari Vajpayee Ekana Cricket Stadium, Lucknow",lost,
47,2026-05-04,Mumbai Indians,"Wankhede Stadium, Mumbai",lost,by 6 wickets
50,2026-05-07,Royal Challengers Bengaluru,"Bharat Ratna Shri Atal Bihari Vajpayee Ekana Cricket Stadium, Lucknow",won,by 9 runs
53,2026-05-10,Chennai Super Kings,"MA Chidambaram Stadium, Chepauk, Chennai",lost,by 5 wickets
59,2026-05-15,Chennai Super Kings,"Bharat Ratna Shri Atal Bihari Vajpayee Ekana Cricket Stadium, Lucknow",won,by 7 wickets
64,2026-05-19,Rajasthan Royals,"Sawai Mansingh Stadium, Jaipur",lost,by 7 wickets
68,2026-05-23,Punjab Kings,"Bharat Ratna Shri Atal Bihari Vajpayee Ekana Cricket Stadium, Lucknow",lost,by 7 wickets
